"BH0001,chuggingston storybook collection,400",
"BH0002,freezing abc,200",
"BH0003,trotter street,400",
"BH0004,big book of things to make and do,400",
"BH0005,big book of english words,400",
"BH0006,1001 moster thing to spot,300",
"BH0007,mickey mouse story book collection,400",
"BH0008,the orchard baby and toddler collection,300",
"BH0009,my very first bible,250",
"BH0010,pooh's letter from hundred acre wood,250",
"BH0011,spanish english dictonory,150",
"BH0012,the jungle books,150",
"BH0013,finding dory,150",
"BH0014,children bible story,150",
"BH0015,free the tipple,150",
"BH0016,Cindrella,150",
"BH0017,up in the heaver,150",
"BH0018,prince brownie's shoes,150",
"BH0019,my first book of prayer,150",
"BH0020,humphrey's playing,99",