"H0001,king midas,69",
"H0002,the old woman who lived in shoe,69",
"H0003,the snow queen,69",
"H0004,cindrella,69",
"H0005,up,69",
"H0006,lion king,69",
"H0007,pocahontas,69",
"H0008,sleeping beauty,69",
"H0009,pumbaa runs away from home ,69",
"H0010,winnie th pooh and tiger too,69",
"H0011,jungle book,69",
"H0012,oliver and company,69",
"H0013,the lion king,69",
"H0014,finders keepers,69",
"H0015,aladdins and king of thieves,69",
"H0016,mowgli and kaa the python,69",
"H0017,toad and vixey,69",
"H0018,tinkerbell and lost tresure,69",
"H0019,aladdin,69",
"H0020,the little mermaid,69",
"H0021,the hunchback of nortedame,69",
"H0022,aladdin,69",
"H0023,cindrella,69",
"H0024,alice in wonderland,69",
"H0025,monstors inc,69",
"H0026,car 2,69",
"H0027,101 dalmatians,69",
"H0028,cindrella,69",
"H0029,belle to the rescue,69",
"H0030,monstors university,69",
"H0031,the princess and the pea,69",
"H0032,jack and beanstalk,69",
"H0033,Dumbo,69",
"H0034,peacocks,69",
"H0035,my a book,69",
"H0036,trolls,69",
"H0037,we honestly can look after dog,69",
"H0038,but excuse me that is my book,69",
"H0039,Guess how much I love you in summer,69",
"H0040,guess how much I love you in winter,69",
"H0041,the bonter folk,49",
"H0042,jack and beanstalk,49",
"H0043,snow white,49",
"H0044,sleeping beauty,49",
"H0045,the sharing surprise,49",
"H0046,the missing snowman,49",
"H0047,noah's ark,49",
"H0048,weird and wacky,49",
"H0049,micky mouse cloubhouse,49",
"H0050,thomas comes to breakfast,49",
"H0051,a birthday for boots,49",
"H0052,sports day,49",
"H0053,mr pload and noddy,49",
"H0054,evelyn's animal adventure,49",
"H0055,noddy at seaside,49",
"H0056,I am sleepy,49",
"H0057,puppies,49",
"H0058,unicorn needs your help,35",
"H0059,the gingerbread man,35",
"H0060,nurture trail,35",
"H0061,father christmas,35",
"H0062,bob the builder,35",
"H0063,santa's super sleidgh,35",
"H0064,little miss naughty,35",
"H0065,elizabeth helps to save platnet,35",
"H0066,thomas has bath,35",
"H0067,thomas and sarah dress up,35",
"H0068,mr noisy and gaint,35",
"H0069,I love you abudela,35",
"H0070,fairy story,35",
"H0071,postman pat's tresure hunt,35",
"H0072,thomas trouble with mud,35",
"H0073,evelyn's christmas wish,35",
"H0074,"reading with phonics, rupanzel",35",
"H0075,blue dinosaur week countdown,35",
"H0076,animal parade,35",