"PG0001,the annoying elephants,199",
"PG0002,the gruffalo,159",
"PG0003,the gruffalo's child,129",
"PG0004,jump on board the animal train,99",
"PG0005,aliens love underpants,119",
"PG0006,aliens love underpants,119",
"PG0007,the tiger who came to tea,129",
"PG0008,mog's abc,129",
"PG0009,emergency,129",
"PG0010,I will not ever eat a tomato,169",
"PG0011,very hungry caterpiller,89",
"PG0012,Mr large in charge,89",
"PG0013,fiver minute peace,89",
"PG0014,kitten finds home,189",
"PG0015,little rabbit foo foo,159",
"PG0016,spanish book set of 7,400",
"PG0017,goose on the loose,99",
"PG0018,big pig on a dig,99",
"PG0019,sam sheep cant sleep,99",
"PG0020,shark in the park,99",
"PG0021,ted in the red bed,99",
"PG0022,Going to doctor,89",
"PG0023,moving house,89",
"PG0024,Going to school,89",
"PG0025,Going to party,89",
"PG0026,the snow storm,89",
"PG0027,the silly sheepdog,89",
"PG0028,moon zoom,89",
"PG0029,the firebird,89",