"EB0001,Childern's First book of Animals,199",
"EB0002,Now Playing,149",
"EB0003,Why is the sky blue,129",
"EB0004,The wonderfull world of knowledge,149",
"EB0005,Maths(9-10 yr),149",
"EB0006,First Maths Glossary,169",
"EB0007,Animal world,169",
"EB0008,Questions kids ask,,119",
"EB0009,copy coloring,spiralbook,99",
"EB0010,Mr.bean's Stinky Sticker Atlas,99",
"EB0011,Dig dig,149",
"EB0012,best Nursery rhymrs ever,149",
"EB0013,my 1st book of garden wildlife,139",
"EB0014,illustrated english dictionary,299",
"EB0015,365 stroies and rhymes for Boys,199",
"EB0016,"bath,book and bed,79",
"EB0017,peppas christmas coloring book,39",
"EB0018,nursery rhymes,129",
"EB0019,crafty ideas,39",
"EB0020,step by step paperfolding,90",
"EB0021,sticker fan,79",
"EB0022,paw patrol coloring,49",
"EB0023,365 things to make and do,250",
"EB0024,music lesson ,29",
"EB0025,paw patrol - ruff-ruff doodles,39",